Author,Title,Category,Link for PDF,Number Of Pages,Language,Publishing House,Size,Format
هارون يحيى,كتاب التضحية عند الحيوان ,كتب الأدب العربي,https://www.arab-books.com/books/%d9%83%d8%aa%d8%a7%d8%a8-%d8%a7%d9%84%d8%aa%d8%b6%d8%ad%d9%8a%d8%a9-%d8%b9%d9%86%d8%af-%d8%a7%d9%84%d8%ad%d9%8a%d9%88%d8%a7%d9%86-pdf/,160,عربي,عدنان أوكطار,5 ميغابايت,pdf
هارون يحيى,كتاب معجزة الذرة ,كتب تطوير الذات,https://www.arab-books.com/books/%d9%83%d8%aa%d8%a7%d8%a8-%d9%85%d8%b9%d8%ac%d8%b2%d8%a9-%d8%a7%d9%84%d8%b0%d8%b1%d8%a9-pdf/,136,عربي,عدنان أوكطار,3.41 ميغابايت,pdf
هارون يحيى,كتاب لا تتجاهل ,كتب الأدب العربي,https://www.arab-books.com/books/%d9%83%d8%aa%d8%a7%d8%a8-%d9%84%d8%a7-%d8%aa%d8%aa%d8%ac%d8%a7%d9%87%d9%84-pdf/,100,عربي,عدنان أوكطار,3 ميغابايت,pdf
هارون يحيى,كتاب الحياة في سبيل الله ,كتب اسلامية,https://www.arab-books.com/books/%d9%83%d8%aa%d8%a7%d8%a8-%d8%a7%d9%84%d8%ad%d9%8a%d8%a7%d8%a9-%d9%81%d9%8a-%d8%b3%d8%a8%d9%8a%d9%84-%d8%a7%d9%84%d9%84%d9%87-pdf/,100,عربي,عدنان أوكطار,2.11 ميغابايت,pdf
هارون يحيى,كتاب العظمة في كل مكان ,كتب الأدب العربي,https://www.arab-books.com/books/%d9%83%d8%aa%d8%a7%d8%a8-%d8%a7%d9%84%d8%b9%d8%b8%d9%85%d8%a9-%d9%81%d9%8a-%d9%83%d9%84-%d9%85%d9%83%d8%a7%d9%86-pdf/,140,عربي,عدنان أوكطار,5.3 ميغابايت,pdf
هارون يحيى,كتاب معجزة الجهاز المناعي ,كتب الأدب العربي,https://www.arab-books.com/books/%d9%83%d8%aa%d8%a7%d8%a8-%d9%85%d8%b9%d8%ac%d8%b2%d8%a9-%d8%a7%d9%84%d8%ac%d9%87%d8%a7%d8%b2-%d8%a7%d9%84%d9%85%d9%86%d8%a7%d8%b9%d9%8a-pdf/,133,عربي,عدنان أوكطار,10 ميغابايت,pdf
هارون يحيى,كتاب الرومنسية سلاح بيد الشيطان ,كتب اسلامية,https://www.arab-books.com/books/%d9%83%d8%aa%d8%a7%d8%a8-%d8%a7%d9%84%d8%b1%d9%88%d9%85%d9%86%d8%b3%d9%8a%d8%a9-%d8%b3%d9%84%d8%a7%d8%ad-%d8%a8%d9%8a%d8%af-%d8%a7%d9%84%d8%b4%d9%8a%d8%b7%d8%a7%d9%86-pdf/,139,عربي,عدنان أوكطار,10 ميغابايت,pdf
هارون يحيى,كتاب رحلة في الكون , ,https://www.arab-books.com/books/%d9%83%d8%aa%d8%a7%d8%a8-%d8%b1%d8%ad%d9%84%d8%a9-%d9%81%d9%8a-%d8%a7%d9%84%d9%83%d9%88%d9%86-pdf/,114,عربي,عدنان أوكطار,1 ميغابايت,pdf
هارون يحيى,كتاب التصميم في الطبيعة ,كتب اسلامية,https://www.arab-books.com/books/%d9%83%d8%aa%d8%a7%d8%a8-%d8%a7%d9%84%d8%aa%d8%b5%d9%85%d9%8a%d9%85-%d9%81%d9%8a-%d8%a7%d9%84%d8%b7%d8%a8%d9%8a%d8%b9%d8%a9-pdf/,192,عربي,عدنان أوكطار,10 ميغابايت,pdf
هارون يحيى,كتاب معجزة خلق الإنسان ,كتب اسلامية,https://www.arab-books.com/books/%d9%83%d8%aa%d8%a7%d8%a8-%d9%85%d8%b9%d8%ac%d8%b2%d8%a9-%d8%ae%d9%84%d9%82-%d8%a7%d9%84%d8%a5%d9%86%d8%b3%d8%a7%d9%86-pdf/,185,عربي,عدنان أوكطار,4 ميغابايت,pdf
الكاتب محمود سالم,كتاب لغز سرقة البنسيون ,روايات بوليسية,https://www.arab-books.com/books/%d9%83%d8%aa%d8%a7%d8%a8-%d9%84%d8%ba%d8%b2-%d8%b3%d8%b1%d9%82%d8%a9-%d8%a7%d9%84%d8%a8%d9%86%d8%b3%d9%8a%d9%88%d9%86-pdf-2/,58,عربي,مؤسسة هنداوي,2 ميغابايت,pdf
الكاتب محمود سالم,كتاب لغز كلب البحر ,روايات بوليسية,https://www.arab-books.com/books/%d9%83%d8%aa%d8%a7%d8%a8-%d9%84%d8%ba%d8%b2-%d9%83%d9%84%d8%a8-%d8%a7%d9%84%d8%a8%d8%ad%d8%b1-pdf-2/,58,عربي,مؤسسة هنداوي,2 ميغابايت,pdf
الكاتب محمود سالم,كتاب لغز ملك الشطرنج ,روايات بوليسية,https://www.arab-books.com/books/%d9%83%d8%aa%d8%a7%d8%a8-%d9%84%d8%ba%d8%b2-%d9%85%d9%84%d9%83-%d8%a7%d9%84%d8%b4%d8%b7%d8%b1%d9%86%d8%ac-pdf-2/,56,عربي,مؤسسة هنداوي,2 ميغابايت,pdf
هارون يحيى,كتاب هدم نظرية التطور في عشرين سؤالا ,كتب اسلامية,https://www.arab-books.com/books/%d9%83%d8%aa%d8%a7%d8%a8-%d9%87%d8%af%d9%85-%d9%86%d8%b8%d8%b1%d9%8a%d8%a9-%d8%a7%d9%84%d8%aa%d8%b7%d9%88%d8%b1-%d9%81%d9%8a-%d8%b9%d8%b4%d8%b1%d9%8a%d9%86-%d8%b3%d8%a4%d8%a7%d9%84%d8%a7-pdf/,154,عربي,عدنان أوكطار,3 ميغابايت,pdf
هارون يحيى,كتاب فن التأمل ,كتب الأدب العربي,https://www.arab-books.com/books/%d9%83%d8%aa%d8%a7%d8%a8-%d9%81%d9%86-%d8%a7%d9%84%d8%aa%d8%a3%d9%85%d9%84-pdf/,68,عربي,عدنان أوكطار,1 ميغابايت,pdf
هارون يحيى,كتاب الأمم البائدة ,الثقافة العامة,https://www.arab-books.com/books/%d9%83%d8%aa%d8%a7%d8%a8-%d8%a7%d9%84%d8%a3%d9%85%d9%85-%d8%a7%d9%84%d8%a8%d8%a7%d8%a6%d8%af%d8%a9-pdf/,162,عربي,عدنان أوكطار,6 ميغابايت,pdf
هارون يحيى,كتاب المعجزات القرآنية ,كتب اسلامية,https://www.arab-books.com/books/%d9%83%d8%aa%d8%a7%d8%a8-%d8%a7%d9%84%d9%85%d8%b9%d8%ac%d8%b2%d8%a7%d8%aa-%d8%a7%d9%84%d9%82%d8%b1%d8%a2%d9%86%d9%8a%d8%a9-pdf/,99,عربي,عدنان أوكطار,4 ميغابايت,pdf
هارون يحيى,كتاب خديعة التطور ,كتب الفلسفة والمنطق,https://www.arab-books.com/books/%d9%83%d8%aa%d8%a7%d8%a8-%d8%ae%d8%af%d9%8a%d8%b9%d8%a9-%d8%a7%d9%84%d8%aa%d8%b7%d9%88%d8%b1-pdf/,258,عربي,دار هارون يحي,8 ميغابايت,pdf
الكاتب سلمان العودة,كتاب نداء الفطرة لدى الرجل والمرأة ,كتب اسلامية,https://www.arab-books.com/books/%d9%83%d8%aa%d8%a7%d8%a8-%d9%86%d8%af%d8%a7%d8%a1-%d8%a7%d9%84%d9%81%d8%b7%d8%b1%d8%a9-%d9%84%d8%af%d9%89-%d8%a7%d9%84%d8%b1%d8%ac%d9%84-%d9%88%d8%a7%d9%84%d9%85%d8%b1%d8%a3%d8%a9-pdf/,24,عربي,دار الإسلام اليوم,1 ميغابايت,pdf
الكاتب سلمان العودة,كتاب مع المصطفى ,كتب اسلامية,https://www.arab-books.com/books/%d9%83%d8%aa%d8%a7%d8%a8-%d9%85%d8%b9-%d8%a7%d9%84%d9%85%d8%b5%d8%b7%d9%81%d9%89-pdf/,384,عربي,دار الإسلام اليوم,4 ميغابايت,pdf
الكاتب سلمان العودة,كتاب بناتي ,كتب الأدب العربي,https://www.arab-books.com/books/%d9%83%d8%aa%d8%a7%d8%a8-%d8%a8%d9%86%d8%a7%d8%aa%d9%8a-pdf/,198,عربي,دار الإسلام اليوم,3 ميغابايت,pdf
الكاتب سلمان العودة,كتاب مع الله ,كتب اسلامية,https://www.arab-books.com/books/%d9%83%d8%aa%d8%a7%d8%a8-%d9%85%d8%b9-%d8%a7%d9%84%d9%84%d9%87-pdf/,363,عربي,دار الإسلام اليوم,3 ميغابايت,pdf
الكاتب سلمان العودة,كتاب شكرا أيها الأعداء ,كتب الأدب العربي,https://www.arab-books.com/books/%d9%83%d8%aa%d8%a7%d8%a8-%d8%b4%d9%83%d8%b1%d8%a7-%d8%a3%d9%8a%d9%87%d8%a7-%d8%a7%d9%84%d8%a3%d8%b9%d8%af%d8%a7%d8%a1-pdf/,345,عربي,دار الإسلام اليوم,21 ميغابايت,pdf
الكاتب سلمان العودة,كتاب هموم فتاة ملتزمة ,كتب اسلامية,https://www.arab-books.com/books/%d9%83%d8%aa%d8%a7%d8%a8-%d9%87%d9%85%d9%88%d9%85-%d9%81%d8%aa%d8%a7%d8%a9-%d9%85%d9%84%d8%aa%d8%b2%d9%85%d8%a9-pdf/,59,عربي,دار الإسلام اليوم,1 ميغابايت,pdf
الكاتب سلمان العودة,كتاب طفولة قلب ,كتب الأدب العربي,https://www.arab-books.com/books/%d9%83%d8%aa%d8%a7%d8%a8-%d8%b7%d9%81%d9%88%d9%84%d8%a9-%d9%82%d9%84%d8%a8-pdf/,588,عربي,دار الإسلام اليوم,7 ميغابايت,pdf
الكاتب سلمان العودة,كتاب أسئلة العنف ,كتب الأدب العربي,https://www.arab-books.com/books/%d9%83%d8%aa%d8%a7%d8%a8-%d8%a3%d8%b3%d8%a6%d9%84%d8%a9-%d8%a7%d9%84%d8%b9%d9%86%d9%81-pdf/,400,عربي,دار الإسلام اليوم,6 ميغابايت,pdf
الكاتب سلمان العودة,كتاب أنا وأخواتها ,كتب اسلامية,https://www.arab-books.com/books/%d9%83%d8%aa%d8%a7%d8%a8-%d8%a3%d9%86%d8%a7-%d9%88%d8%a3%d8%ae%d9%88%d8%a7%d8%aa%d9%87%d8%a7-pdf/,381,عربي,دار الاسلام اليوم,3 ميغابايت,pdf
الكاتب سلمان العودة,كتاب من وسائل دفع الغربة ,كتب اسلامية,https://www.arab-books.com/books/%d9%83%d8%aa%d8%a7%d8%a8-%d9%85%d9%86-%d9%88%d8%b3%d8%a7%d8%a6%d9%84-%d8%af%d9%81%d8%b9-%d8%a7%d9%84%d8%ba%d8%b1%d8%a8%d8%a9-pdf/,232,عربي,دار الاسلام اليوم,3 ميغابايت,pdf
الكاتب سلمان العودة,كتاب مع الأئمة ,كتب اسلامية,https://www.arab-books.com/books/%d9%83%d8%aa%d8%a7%d8%a8-%d9%85%d8%b9-%d8%a7%d9%84%d8%a3%d8%a6%d9%85%d8%a9-pdf/,195,عربي,دار الاسلام اليوم,4 ميغابايت,pdf
الكاتب سلمان العودة,كتاب زنزانة  لسلمان العودة,كتب أدب السجون,https://www.arab-books.com/books/%d9%83%d8%aa%d8%a7%d8%a8-%d8%b2%d9%86%d8%b2%d8%a7%d9%86%d8%a9-pdf-%d9%84%d8%b3%d9%84%d9%85%d8%a7%d9%86-%d8%a7%d9%84%d8%b9%d9%88%d8%af%d8%a9/,433,عربي,مؤسسة الإسلام اليوم,4 ميغابايت,pdf
الكاتب سلمان العودة,كتاب لو كنت طيرا ,كتب الأدب العربي,https://www.arab-books.com/books/%d9%83%d8%aa%d8%a7%d8%a8-%d9%84%d9%88-%d9%83%d9%86%d8%aa-%d8%b7%d9%8a%d8%b1%d8%a7-pdf-2/,268,عربي,دار الاسلام اليوم,3 ميغابايت,pdf
الكاتب سلمان العودة,كتاب كيف نختلف ,كتب الأدب العربي,https://www.arab-books.com/books/%d9%83%d8%aa%d8%a7%d8%a8-%d9%83%d9%8a%d9%81-%d9%86%d8%ae%d8%aa%d9%84%d9%81-pdf/,226,عربي,الاسلام اليوم,9 ميغابايت,pdf
الكاتب سلمان العودة,كتاب أسئلة الثورة ,العلوم السياسية والاستراتيجية,https://www.arab-books.com/books/%d9%83%d8%aa%d8%a7%d8%a8-%d8%a3%d8%b3%d8%a6%d9%84%d8%a9-%d8%a7%d9%84%d8%ab%d9%88%d8%b1%d8%a9-pdf/,212,عربي,مكتبة البحوث والدراسات,2 ميغابايت,pdf
أبو الحسن علي الحسني الندوي,كتاب بين الصورة والحقيقة ,كتب اسلامية,https://www.arab-books.com/books/%d9%83%d8%aa%d8%a7%d8%a8-%d8%a8%d9%8a%d9%86-%d8%a7%d9%84%d8%b5%d9%88%d8%b1%d8%a9-%d9%88%d8%a7%d9%84%d8%ad%d9%82%d9%8a%d9%82%d8%a9-pdf/,20,عربي,دار ابن كثير,329.8 كيلوبايت ميغابايت,pdf
أبو الحسن علي الحسني الندوي,كتاب إلى قمة القيادة العالمية ,كتب اسلامية,https://www.arab-books.com/books/%d9%83%d8%aa%d8%a7%d8%a8-%d8%a5%d9%84%d9%89-%d9%82%d9%85%d8%a9-%d8%a7%d9%84%d9%82%d9%8a%d8%a7%d8%af%d8%a9-%d8%a7%d9%84%d8%b9%d8%a7%d9%84%d9%85%d9%8a%d8%a9-pdf/,15,عربي,دار ابن كثير,903.7 كيلوبايت ميغابايت,pdf
أبو الحسن علي الحسني الندوي,كتاب مذكرات الدعوة والداعية ,كتب اسلامية,https://www.arab-books.com/books/%d9%83%d8%aa%d8%a7%d8%a8-%d9%85%d8%b0%d9%83%d8%b1%d8%a7%d8%aa-%d8%a7%d9%84%d8%af%d8%b9%d9%88%d8%a9-%d9%88%d8%a7%d9%84%d8%af%d8%a7%d8%b9%d9%8a%d8%a9-pdf-2/,324,عربي,دار ابن كثير,2.4 ميغابايت,pdf
أبو الحسن علي الحسني الندوي,كتاب ردة ولا أبا بكر لها ,كتب اسلامية,https://www.arab-books.com/books/%d9%83%d8%aa%d8%a7%d8%a8-%d8%b1%d8%af%d8%a9-%d9%88%d9%84%d8%a7-%d8%a3%d8%a8%d8%a7-%d8%a8%d9%83%d8%b1-%d9%84%d9%87%d8%a7-pdf/,28,عربي,دار ابن كثير,338.3 كيلوبايت ميغابايت,pdf
أبو الحسن علي الحسني الندوي,كتاب الإسلام والحكم ,كتب اسلامية,https://www.arab-books.com/books/%d9%83%d8%aa%d8%a7%d8%a8-%d8%a7%d9%84%d8%a5%d8%b3%d9%84%d8%a7%d9%85-%d9%88%d8%a7%d9%84%d8%ad%d9%83%d9%85-pdf/,31,عربي,دار ابن كثير,556.1 كيلوبايت ميغابايت, 
أبو الحسن علي الحسني الندوي,كتاب ملة إبراهيم وحضارة الإسلام ,كتب اسلامية,https://www.arab-books.com/books/%d9%83%d8%aa%d8%a7%d8%a8-%d9%85%d9%84%d8%a9-%d8%a5%d8%a8%d8%b1%d8%a7%d9%87%d9%8a%d9%85-%d9%88%d8%ad%d8%b6%d8%a7%d8%b1%d8%a9-%d8%a7%d9%84%d8%a5%d8%b3%d9%84%d8%a7%d9%85-pdf/,32,عربي,دار ابن كثير,540.5 كيلوبايت ميغابايت,pdf
أبو الحسن علي الحسني الندوي,كتاب ترشيد الصحوة الإسلامية ,كتب اسلامية,https://www.arab-books.com/books/%d9%83%d8%aa%d8%a7%d8%a8-%d8%aa%d8%b1%d8%b4%d9%8a%d8%af-%d8%a7%d9%84%d8%b5%d8%ad%d9%88%d8%a9-%d8%a7%d9%84%d8%a5%d8%b3%d9%84%d8%a7%d9%85%d9%8a%d8%a9-pdf/,136,عربي,دار ابن كثير,1.8 ميغابايت, 
أبو الحسن علي الحسني الندوي,كتاب المسلمون تجاه الحضارة الغربية ,كتب اسلامية,https://www.arab-books.com/books/%d9%83%d8%aa%d8%a7%d8%a8-%d8%a7%d9%84%d9%85%d8%b3%d9%84%d9%85%d9%88%d9%86-%d8%aa%d8%ac%d8%a7%d9%87-%d8%a7%d9%84%d8%ad%d8%b6%d8%a7%d8%b1%d8%a9-%d8%a7%d9%84%d8%ba%d8%b1%d8%a8%d9%8a%d8%a9-pdf/,84,عربي,دار ابن كثير,1.3 ميغابايت,pdf
أبو الحسن علي الحسني الندوي,كتاب مقالات حول السيرة النبوية ,كتب اسلامية,https://www.arab-books.com/books/%d9%83%d8%aa%d8%a7%d8%a8-%d9%85%d9%82%d8%a7%d9%84%d8%a7%d8%aa-%d8%ad%d9%88%d9%84-%d8%a7%d9%84%d8%b3%d9%8a%d8%b1%d8%a9-%d8%a7%d9%84%d9%86%d8%a8%d9%88%d9%8a%d8%a9-pdf/,253,عربي,دار ابن كثير,5.6 ميغابايت,pdf
أبو الحسن علي الحسني الندوي,كتاب الإمام الذي لم يوف حقه ,كتب اسلامية,https://www.arab-books.com/books/%d9%83%d8%aa%d8%a7%d8%a8-%d8%a7%d9%84%d8%a5%d9%85%d8%a7%d9%85-%d8%a7%d9%84%d8%b0%d9%8a-%d9%84%d9%85-%d9%8a%d9%88%d9%81-%d8%ad%d9%82%d9%87-pdf/,72,عربي,دار ابن كثير,1.1 ميغابايت,pdf
أبو الحسن علي الحسني الندوي,كتاب شخصيات وكتب ,كتب اسلامية,https://www.arab-books.com/books/%d9%83%d8%aa%d8%a7%d8%a8-%d8%b4%d8%ae%d8%b5%d9%8a%d8%a7%d8%aa-%d9%88%d9%83%d8%aa%d8%a8-pdf/,247,عربي,دار ابن كثير,4.4 ميغابايت,pdf
أبو الحسن علي الحسني الندوي,كتاب من أعلام المسلمين ومشاهيرهم ,كتب اسلامية,https://www.arab-books.com/books/%d9%83%d8%aa%d8%a7%d8%a8-%d9%85%d9%86-%d8%a3%d8%b9%d9%84%d8%a7%d9%85-%d8%a7%d9%84%d9%85%d8%b3%d9%84%d9%85%d9%8a%d9%86-%d9%88%d9%85%d8%b4%d8%a7%d9%87%d9%8a%d8%b1%d9%87%d9%85-pdf/,367,عربي,دار ابن كثير,7.4 ميغابايت,pdf
أبو الحسن علي الحسني الندوي,كتاب رجال الفكر والدعوة ج 3-4 ,كتب اسلامية,https://www.arab-books.com/books/%d9%83%d8%aa%d8%a7%d8%a8-%d8%b1%d8%ac%d8%a7%d9%84-%d8%a7%d9%84%d9%81%d9%83%d8%b1-%d9%88%d8%a7%d9%84%d8%af%d8%b9%d9%88%d8%a9-%d8%ac-3-4-pdf/,797,عربي,دار ابن كثير,14.26 ميغابايت,pdf
أبو الحسن علي الحسني الندوي,كتاب رجال الفكر والدعوة ج 1-2 ,كتب اسلامية,https://www.arab-books.com/books/%d9%83%d8%aa%d8%a7%d8%a8-%d8%b1%d8%ac%d8%a7%d9%84-%d8%a7%d9%84%d9%81%d9%83%d8%b1-%d9%88%d8%a7%d9%84%d8%af%d8%b9%d9%88%d8%a9-%d8%ac-1-2-pdf/,814,عربي,دار ابن كثير,14.34 ميغابايت,pdf
أبو الحسن علي الحسني الندوي,كتاب الحضارة الغربية ,كتب اسلامية,https://www.arab-books.com/books/%d9%83%d8%aa%d8%a7%d8%a8-%d8%a7%d9%84%d8%ad%d8%b6%d8%a7%d8%b1%d8%a9-%d8%a7%d9%84%d8%ba%d8%b1%d8%a8%d9%8a%d8%a9-pdf/,48,عربي,دار ابن كثير,2.7 ميغابايت,pdf
أبو الحسن علي الحسني الندوي,كتاب نصائح وتوجيهات ,كتب اسلامية,https://www.arab-books.com/books/%d9%83%d8%aa%d8%a7%d8%a8-%d9%86%d8%b5%d8%a7%d8%a6%d8%ad-%d9%88%d8%aa%d9%88%d8%ac%d9%8a%d9%87%d8%a7%d8%aa-pdf/,80,عربي,دار ابن كثير,1 ميغابايت,pdf
الكاتب أدهم الشرقاوي,كتاب عن وطن لحم ودم  للكاتب أدهم الشرقاوي,الأدب,https://www.arab-books.com/books/%d9%83%d8%aa%d8%a7%d8%a8-%d8%b9%d9%86-%d9%88%d8%b7%d9%86-%d9%84%d8%ad%d9%85-%d9%88%d8%af%d9%85-pdf/,142,عربي,دار كلمات,2 ميغابايت,pdf
الكاتب أدهم الشرقاوي,كتاب خربشات خارجة عن القانون  للكاتب أدهم الشرقاوي,الأدب,https://www.arab-books.com/books/%d9%83%d8%aa%d8%a7%d8%a8-%d8%ae%d8%b1%d8%a8%d8%b4%d8%a7%d8%aa-%d8%ae%d8%a7%d8%b1%d8%ac%d8%a9-%d8%b9%d9%86-%d8%a7%d9%84%d9%82%d8%a7%d9%86%d9%88%d9%86-pdf-%d9%84%d9%84%d9%83%d8%a7%d8%aa%d8%a8-%d8%a3/,157,عربي,-,1.5 ميغابايت,pdf
الكاتب أدهم الشرقاوي,كتاب حديث الصباح  للكاتب أدهم الشرقاوي,الأدب,https://www.arab-books.com/books/%d9%83%d8%aa%d8%a7%d8%a8-%d8%ad%d8%af%d9%8a%d8%ab-%d8%a7%d9%84%d8%b5%d8%a8%d8%a7%d8%ad-pdf-%d9%84%d9%84%d9%83%d8%a7%d8%aa%d8%a8-%d8%a3%d8%af%d9%87%d9%85-%d8%a7%d9%84%d8%b4%d8%b1%d9%82%d8%a7%d9%88/,350,عربي,دار كلمات,2.5 ميغابايت,pdf
أبو الحسن علي الحسني الندوي,كتاب قصص النبيين للأطفال ,كتب اسلامية,https://www.arab-books.com/books/%d9%83%d8%aa%d8%a7%d8%a8-%d9%82%d8%b5%d8%b5-%d8%a7%d9%84%d9%86%d8%a8%d9%8a%d9%8a%d9%86-%d9%84%d9%84%d8%a3%d8%b7%d9%81%d8%a7%d9%84-pdf/,384,عربي,المجمع الإسلامي العلمي,3.8 ميغابايت,pdf
أبو الحسن علي الحسني الندوي,كتاب الطريق إلى المدينة ,كتب اسلامية,https://www.arab-books.com/books/%d9%83%d8%aa%d8%a7%d8%a8-%d8%a7%d9%84%d8%b7%d8%b1%d9%8a%d9%82-%d8%a5%d9%84%d9%89-%d8%a7%d9%84%d9%85%d8%af%d9%8a%d9%86%d8%a9-pdf/,1,عربي,دار القلم,1.8 ميغابايت,pdf
أبو الحسن علي الحسني الندوي,كتاب المرتضى ,كتب اسلامية,https://www.arab-books.com/books/%d9%83%d8%aa%d8%a7%d8%a8-%d8%a7%d9%84%d9%85%d8%b1%d8%aa%d8%b6%d9%89-pdf/,284,عربي,المجمع الإسلامي العلمي,4.1 ميغابايت,pdf
أبو الحسن علي الحسني الندوي,كتاب النبوة والأنبياء ,كتب اسلامية,https://www.arab-books.com/books/%d9%83%d8%aa%d8%a7%d8%a8-%d8%a7%d9%84%d9%86%d8%a8%d9%88%d8%a9-%d9%88%d8%a7%d9%84%d8%a3%d9%86%d8%a8%d9%8a%d8%a7%d8%a1-pdf/,60,عربي,المجمع الإسلامي العلمي,3.7 ميغابايت,pdf
أبو الحسن علي الحسني الندوي,كتاب من الجاهلية إلى الإسلام ,كتب اسلامية,https://www.arab-books.com/books/%d9%83%d8%aa%d8%a7%d8%a8-%d9%85%d9%86-%d8%a7%d9%84%d8%ac%d8%a7%d9%87%d9%84%d9%8a%d8%a9-%d8%a5%d9%84%d9%89-%d8%a7%d9%84%d8%a5%d8%b3%d9%84%d8%a7%d9%85-pdf/,65,عربي,المجمع الإسلامي العلمي,811.4 كيلوبايت ميغابايت, 
أبو الحسن علي الحسني الندوي,كتاب نفحات الإيمان ,كتب اسلامية,https://www.arab-books.com/books/%d9%83%d8%aa%d8%a7%d8%a8-%d9%86%d9%81%d8%ad%d8%a7%d8%aa-%d8%a7%d9%84%d8%a5%d9%8a%d9%85%d8%a7%d9%86-pdf/,109,عربي,المجمع الإسلامي العلمي,1.4 ميغابايت, 
أبو الحسن علي الحسني الندوي,كتاب مسئولية العلماء في الأوضاع المتغيرة ,كتب اسلامية,https://www.arab-books.com/books/%d9%83%d8%aa%d8%a7%d8%a8-%d9%85%d8%b3%d8%a6%d9%88%d9%84%d9%8a%d8%a9-%d8%a7%d9%84%d8%b9%d9%84%d9%85%d8%a7%d8%a1-%d9%81%d9%8a-%d8%a7%d9%84%d8%a3%d9%88%d8%b6%d8%a7%d8%b9-%d8%a7%d9%84%d9%85%d8%aa%d8%ba/,16,عربي,المجمع الإسلامي العلمي,346.1 كيلوبايت ميغابايت,pdf
أبو الحسن علي الحسني الندوي,كتاب موقف العالم الإسلامي ,كتب اسلامية,https://www.arab-books.com/books/%d9%83%d8%aa%d8%a7%d8%a8-%d9%85%d9%88%d9%82%d9%81-%d8%a7%d9%84%d8%b9%d8%a7%d9%84%d9%85-%d8%a7%d9%84%d8%a5%d8%b3%d9%84%d8%a7%d9%85%d9%8a-pdf/,120,عربي,المجمع الإسلامي العلمي,1.8 ميغابايت,pdf
أبو الحسن علي الحسني الندوي,كتاب من نهر كابل إلى نهر اليرموك ,كتب اسلامية,https://www.arab-books.com/books/%d9%83%d8%aa%d8%a7%d8%a8-%d9%85%d9%86-%d9%86%d9%87%d8%b1-%d9%83%d8%a7%d8%a8%d9%84-%d8%a5%d9%84%d9%89-%d9%86%d9%87%d8%b1-%d8%a7%d9%84%d9%8a%d8%b1%d9%85%d9%88%d9%83-pdf/,231,عربي,المجمع الإسلامي العلمي,5.9 ميغابايت,pdf
أبو الحسن علي الحسني الندوي,كتاب صورتان متضادتان ,كتب اسلامية,https://www.arab-books.com/books/%d9%83%d8%aa%d8%a7%d8%a8-%d8%b5%d9%88%d8%b1%d8%aa%d8%a7%d9%86-%d9%85%d8%aa%d8%b6%d8%a7%d8%af%d8%aa%d8%a7%d9%86-pdf/,117,عربي,المجمع الإسلامي العلمي,1.9 ميغابايت,pdf
أبو الحسن علي الحسني الندوي,كتاب الطريق إلى السعادة ,كتب اسلامية,https://www.arab-books.com/books/%d9%83%d8%aa%d8%a7%d8%a8-%d8%a7%d9%84%d8%b7%d8%b1%d9%8a%d9%82-%d8%a5%d9%84%d9%89-%d8%a7%d9%84%d8%b3%d8%b9%d8%a7%d8%af%d8%a9-pdf/,224,عربي,المجمع الإسلامي العلمي,2.7 ميغابايت,pdf
الكاتب شوقي ضيف,كتاب البلاغة تطور وتاريخ ,كتب الأدب العربي,https://www.arab-books.com/books/%d9%83%d8%aa%d8%a7%d8%a8-%d8%a7%d9%84%d8%a8%d9%84%d8%a7%d8%ba%d8%a9-%d8%aa%d8%b7%d9%88%d8%b1-%d9%88%d8%aa%d8%a7%d8%b1%d9%8a%d8%ae-pdf/,388,عربي,دار المعارف,9 ميغابايت,pdf
الكاتب شوقي ضيف,كتاب الحب العذرى عند العرب ,كتب الأدب العربي,https://www.arab-books.com/books/%d9%83%d8%aa%d8%a7%d8%a8-%d8%a7%d9%84%d8%ad%d8%a8-%d8%a7%d9%84%d8%b9%d8%b0%d8%b1%d9%89-%d8%b9%d9%86%d8%af-%d8%a7%d9%84%d8%b9%d8%b1%d8%a8-pdf/,149,عربي,دار المعارف,2 ميغابايت,pdf
الكاتب شوقي ضيف,كتاب البحث الأدبي ,كتب الأدب العربي,https://www.arab-books.com/books/%d9%83%d8%aa%d8%a7%d8%a8-%d8%a7%d9%84%d8%a8%d8%ad%d8%ab-%d8%a7%d9%84%d8%a3%d8%af%d8%a8%d9%8a-pdf/,284,عربي,دار المعارف,"9,4 ميغابايت",pdf
الإمام أبو حامد الغزالي,كتاب جواهر القلوب  للكاتب أبو حامد الغزالي,كتب اسلامية,https://www.arab-books.com/books/%d9%83%d8%aa%d8%a7%d8%a8-%d8%ac%d9%88%d8%a7%d9%87%d8%b1-%d8%a7%d9%84%d9%82%d9%84%d9%88%d8%a8-pdf-%d9%84%d9%84%d9%83%d8%a7%d8%aa%d8%a8-%d8%a3%d8%a8%d9%88-%d8%ad%d8%a7%d9%85%d8%af-%d8%a7%d9%84%d8%ba/,120,عربي,دار الأرقم,- ميغابايت,pdf
الإمام أبو حامد الغزالي,كتاب منهاج العابدين إلى الجنة  للكاتب أبو حامد الغزالي,كتب اسلامية,https://www.arab-books.com/books/%d9%83%d8%aa%d8%a7%d8%a8-%d9%85%d9%86%d9%87%d8%a7%d8%ac-%d8%a7%d9%84%d8%b9%d8%a7%d8%a8%d8%af%d9%8a%d9%86-%d8%a5%d9%84%d9%89-%d8%a7%d9%84%d8%ac%d9%86%d8%a9-pdf-%d9%84%d9%84%d9%83%d8%a7%d8%aa%d8%a8/,216,عربي,دار الكتب العلمية,- ميغابايت,pdf
الكاتب شوقي ضيف,كتاب شوقى شاعر العصر الحديث ,كتب الأدب العربي,https://www.arab-books.com/books/%d9%83%d8%aa%d8%a7%d8%a8-%d8%b4%d9%88%d9%82%d9%89-%d8%b4%d8%a7%d8%b9%d8%b1-%d8%a7%d9%84%d8%b9%d8%b5%d8%b1-%d8%a7%d9%84%d8%ad%d8%af%d9%8a%d8%ab-pdf/,293,عربي,دار المعارف,8 ميغابايت,pdf
الإمام أبو حامد الغزالي,كتاب تهذيب المهلكات والمنجيات  للكاتب أبو حامد الغزالي,كتب اسلامية,https://www.arab-books.com/books/%d9%83%d8%aa%d8%a7%d8%a8-%d8%aa%d9%87%d8%b0%d9%8a%d8%a8-%d8%a7%d9%84%d9%85%d9%87%d9%84%d9%83%d8%a7%d8%aa-%d9%88%d8%a7%d9%84%d9%85%d9%86%d8%ac%d9%8a%d8%a7%d8%aa-pdf-%d9%84%d9%84%d9%83%d8%a7%d8%aa%d8%a8/,367,عربي,دار المدينة المنورة,- ميغابايت,pdf
الإمام أبو حامد الغزالي,كتاب مجربات الغزالي في الطب الروحاني  للكاتب أبو حامد الغزالي,كتب اسلامية,https://www.arab-books.com/books/%d9%83%d8%aa%d8%a7%d8%a8-%d9%85%d8%ac%d8%b1%d8%a8%d8%a7%d8%aa-%d8%a7%d9%84%d8%ba%d8%b2%d8%a7%d9%84%d9%8a-%d9%81%d9%8a-%d8%a7%d9%84%d8%b7%d8%a8-%d8%a7%d9%84%d8%b1%d9%88%d8%ad%d8%a7%d9%86%d9%8a-pdf/,1,عربي,-,- ميغابايت,pdf
الإمام أبو حامد الغزالي,كتاب الأوفاق  للكاتب أبو حامد الغزالي,كتب اسلامية,https://www.arab-books.com/books/%d9%83%d8%aa%d8%a7%d8%a8-%d8%a7%d9%84%d8%a3%d9%88%d9%81%d8%a7%d9%82-pdf-%d9%84%d9%84%d9%83%d8%a7%d8%aa%d8%a8-%d8%a3%d8%a8%d9%88-%d8%ad%d8%a7%d9%85%d8%af-%d8%a7%d9%84%d8%ba%d8%b2%d8%a7%d9%84%d9%8a/,1,عربي,-,- ميغابايت,pdf
الإمام أبو حامد الغزالي,كتاب خافية الحروف الثمانية والعشرين  للكاتب أبو حامد الغزالي,كتب اسلامية,https://www.arab-books.com/books/%d9%83%d8%aa%d8%a7%d8%a8-%d8%ae%d8%a7%d9%81%d9%8a%d8%a9-%d8%a7%d9%84%d8%ad%d8%b1%d9%88%d9%81-%d8%a7%d9%84%d8%ab%d9%85%d8%a7%d9%86%d9%8a%d8%a9-%d9%88%d8%a7%d9%84%d8%b9%d8%b4%d8%b1%d9%8a%d9%86-pdf/,1,عربي,-,- ميغابايت,pdf
الإمام أبو حامد الغزالي,كتاب التفكر في خلق الله  للكاتب أبو حامد الغزالي,كتب اسلامية,https://www.arab-books.com/books/%d9%83%d8%aa%d8%a7%d8%a8-%d8%a7%d9%84%d8%aa%d9%81%d9%83%d8%b1-%d9%81%d9%8a-%d8%ae%d9%84%d9%82-%d8%a7%d9%84%d9%84%d9%87-pdf-%d9%84%d9%84%d9%83%d8%a7%d8%aa%d8%a8-%d8%a3%d8%a8%d9%88-%d8%ad%d8%a7%d9%85/,1,عربي,-,- ميغابايت,pdf
الإمام أبو حامد الغزالي,كتاب الأدب في الدين  للكاتب أبو حامد الغزالي,كتب اسلامية,https://www.arab-books.com/books/%d9%83%d8%aa%d8%a7%d8%a8-%d8%a7%d9%84%d8%a3%d8%af%d8%a8-%d9%81%d9%8a-%d8%a7%d9%84%d8%af%d9%8a%d9%86-pdf-%d9%84%d9%84%d9%83%d8%a7%d8%aa%d8%a8-%d8%a3%d8%a8%d9%88-%d8%ad%d8%a7%d9%85%d8%af-%d8%a7%d9%84/,1,عربي,-,- ميغابايت,pdf
الإمام أبو حامد الغزالي,كتاب في فقه مقاومة الاستبداد  للكاتب أبو حامد الغزالي,كتب اسلامية,https://www.arab-books.com/books/%d9%83%d8%aa%d8%a7%d8%a8-%d9%81%d9%8a-%d9%81%d9%82%d9%87-%d9%85%d9%82%d8%a7%d9%88%d9%85%d8%a9-%d8%a7%d9%84%d8%a7%d8%b3%d8%aa%d8%a8%d8%af%d8%a7%d8%af-pdf-%d9%84%d9%84%d9%83%d8%a7%d8%aa%d8%a8-%d8%a3/,1,عربي,-,- ميغابايت,pdf
الكاتب شوقي ضيف,كتاب تاريخ الأدب العربي العصر الجاهلي ,كتب الأدب العربي,https://www.arab-books.com/books/%d9%83%d8%aa%d8%a7%d8%a8-%d8%aa%d8%a7%d8%b1%d9%8a%d8%ae-%d8%a7%d9%84%d8%a3%d8%af%d8%a8-%d8%a7%d9%84%d8%b9%d8%b1%d8%a8%d9%8a-%d8%a7%d9%84%d8%b9%d8%b5%d8%b1-%d8%a7%d9%84%d8%ac%d8%a7%d9%87%d9%84%d9%8a-pd/,438,عربي,دار المعارف,10 ميغابايت,pdf
الإمام أبو حامد الغزالي,كتاب المضنون به على غير أهله  للكاتب أبو حامد الغزالي,كتب اسلامية,https://www.arab-books.com/books/%d9%83%d8%aa%d8%a7%d8%a8-%d8%a7%d9%84%d9%85%d8%b6%d9%86%d9%88%d9%86-%d8%a8%d9%87-%d8%b9%d9%84%d9%89-%d8%ba%d9%8a%d8%b1-%d8%a3%d9%87%d9%84%d9%87-pdf-%d9%84%d9%84%d9%83%d8%a7%d8%aa%d8%a8-%d8%a3%d8%a8/,1,عربي,دار الحكمة,- ميغابايت,pdf
الإمام أبو حامد الغزالي,كتاب القانون الكلي  للكاتب أبو حامد الغزالي,كتب اسلامية,https://www.arab-books.com/books/%d9%83%d8%aa%d8%a7%d8%a8-%d8%a7%d9%84%d9%82%d8%a7%d9%86%d9%88%d9%86-%d8%a7%d9%84%d9%83%d9%84%d9%8a-pdf-%d9%84%d9%84%d9%83%d8%a7%d8%aa%d8%a8-%d8%a3%d8%a8%d9%88-%d8%ad%d8%a7%d9%85%d8%af-%d8%a7%d9%84/,100,عربي,دار السلام,- ميغابايت,pdf
الإمام أبو حامد الغزالي,كتاب المستظهري في فضائح الباطنية  للكاتب أبو حامد الغزالي,كتب اسلامية,https://www.arab-books.com/books/%d9%83%d8%aa%d8%a7%d8%a8-%d8%a7%d9%84%d9%85%d8%b3%d8%aa%d8%b8%d9%87%d8%b1%d9%8a-%d9%81%d9%8a-%d9%81%d8%b6%d8%a7%d8%a6%d8%ad-%d8%a7%d9%84%d8%a8%d8%a7%d8%b7%d9%86%d9%8a%d8%a9-pdf-%d9%84%d9%84%d9%83/,261,عربي, ,دار ومكتبة بابيليون ميغابايت,pdf
الشيخ محمد الغزالي,كتاب رسائل في الحكمة  للكاتب أبو حامد الغزالي,كتب اسلامية,https://www.arab-books.com/books/%d9%83%d8%aa%d8%a7%d8%a8-%d8%b1%d8%b3%d8%a7%d8%a6%d9%84-%d9%81%d9%8a-%d8%a7%d9%84%d8%ad%d9%83%d9%85%d8%a9/,144,عربي,المكتبة التراثية الصغيرة,- ميغابايت,pdf
الإمام أبو حامد الغزالي,كتاب الدعاء المستجاب  للكاتب أبو حامد الغزالي,كتب اسلامية,https://www.arab-books.com/books/%d9%83%d8%aa%d8%a7%d8%a8-%d8%a7%d9%84%d8%af%d8%b9%d8%a7%d8%a1-%d8%a7%d9%84%d9%85%d8%b3%d8%aa%d8%ac%d8%a7%d8%a8-pdf-%d9%84%d9%84%d9%83%d8%a7%d8%aa%d8%a8-%d8%a3%d8%a8%d9%88-%d8%ad%d8%a7%d9%85%d8%af/,156,عربي,دار الكتاب الحديث,- ميغابايت,pdf
الإمام أبو حامد الغزالي,كتاب بلوغ الغاية من تهذيب بداية الهداية  للكاتب أبو حامد الغزالي,كتب اسلامية,https://www.arab-books.com/books/%d9%83%d8%aa%d8%a7%d8%a8-%d8%a8%d9%84%d9%88%d8%ba-%d8%a7%d9%84%d8%ba%d8%a7%d9%8a%d8%a9-%d9%85%d9%86-%d8%aa%d9%87%d8%b0%d9%8a%d8%a8-%d8%a8%d8%af%d8%a7%d9%8a%d8%a9-%d8%a7%d9%84%d9%87%d8%af%d8%a7%d9%8a/,32,عربي,دار البشير,- ميغابايت,pdf
الإمام أبو حامد الغزالي,كتاب الدعوات المستجابة ومفاتيح الفرج  للكاتب أبو حامد الغزالي,كتب اسلامية,https://www.arab-books.com/books/%d9%83%d8%aa%d8%a7%d8%a8-%d8%a7%d9%84%d8%af%d8%b9%d9%88%d8%a7%d8%aa-%d8%a7%d9%84%d9%85%d8%b3%d8%aa%d8%ac%d8%a7%d8%a8%d8%a9-%d9%88%d9%85%d9%81%d8%a7%d8%aa%d9%8a%d8%ad-%d8%a7%d9%84%d9%81%d8%b1%d8%ac-pdf/,187,عربي,مكتبة القرآ ن الكريم,- ميغابايت,pdf
الإمام أبو حامد الغزالي,كتاب الرد الجميل لإلهية عيسى  للكاتب أبو حامد الغزالي,كتب اسلامية,https://www.arab-books.com/books/%d9%83%d8%aa%d8%a7%d8%a8-%d8%a7%d9%84%d8%b1%d8%af-%d8%a7%d9%84%d8%ac%d9%85%d9%8a%d9%84-%d9%84%d8%a5%d9%84%d9%87%d9%8a%d8%a9-%d8%b9%d9%8a%d8%b3%d9%89-pdf-%d9%84%d9%84%d9%83%d8%a7%d8%aa%d8%a8-%d8%a3/,349,عربي,مكتبة بابيليون,- ميغابايت,pdf
الإمام أبو حامد الغزالي,كتاب رسالة شرح الصدر  للكاتب أبو حامد الغزالي,كتب اسلامية,https://www.arab-books.com/books/%d9%83%d8%aa%d8%a7%d8%a8-%d8%b1%d8%b3%d8%a7%d9%84%d8%a9-%d8%b4%d8%b1%d8%ad-%d8%a7%d9%84%d8%b5%d8%af%d8%b1-pdf-%d9%84%d9%84%d9%83%d8%a7%d8%aa%d8%a8-%d8%a3%d8%a8%d9%88-%d8%ad%d8%a7%d9%85%d8%af-%d8%a7/,32,عربي,دار البشائر للطباعة والنشر,- ميغابايت,pdf
الكاتب شوقي ضيف,كتاب تيسيرات لغوية ,كتب الأدب العربي,https://www.arab-books.com/books/%d9%83%d8%aa%d8%a7%d8%a8-%d8%aa%d9%8a%d8%b3%d9%8a%d8%b1%d8%a7%d8%aa-%d9%84%d8%ba%d9%88%d9%8a%d8%a9-pdf/,200,عربي,دار المعارف,"3,5 ميغابايت",pdf
الإمام أبو حامد الغزالي,كتاب سكرات الموت وشدته  للكاتب أبو حامد الغزالي,كتب اسلامية,https://www.arab-books.com/books/%d9%83%d8%aa%d8%a7%d8%a8-%d8%b3%d9%83%d8%b1%d8%a7%d8%aa-%d8%a7%d9%84%d9%85%d9%88%d8%aa-%d9%88%d8%b4%d8%af%d8%aa%d9%87-pdf-%d9%84%d9%84%d9%83%d8%a7%d8%aa%d8%a8-%d8%a3%d8%a8%d9%88-%d8%ad%d8%a7%d9%85/,143,عربي,مكتبة القرآن,- ميغابايت,pdf
الإمام أبو حامد الغزالي,كتاب أداب تلاوة القران الكريم  للكاتب أبو حامد الغزالي,كتب اسلامية,https://www.arab-books.com/books/%d9%83%d8%aa%d8%a7%d8%a8-%d8%a3%d8%af%d8%a7%d8%a8-%d8%aa%d9%84%d8%a7%d9%88%d8%a9-%d8%a7%d9%84%d9%82%d8%b1%d8%a7%d9%86-%d8%a7%d9%84%d9%83%d8%b1%d9%8a%d9%85-pdf-%d9%84%d9%84%d9%83%d8%a7%d8%aa%d8%a8/,112,عربي,دار ابن القيم,- ميغابايت,pdf
الإمام أبو حامد الغزالي,كتاب المواعظ في الأحاديث القدسية  للكاتب أبو حامد الغزالي,كتب اسلامية,https://www.arab-books.com/books/%d9%83%d8%aa%d8%a7%d8%a8-%d8%a7%d9%84%d9%85%d9%88%d8%a7%d8%b9%d8%b8-%d9%81%d9%8a-%d8%a7%d9%84%d8%a3%d8%ad%d8%a7%d8%af%d9%8a%d8%ab-%d8%a7%d9%84%d9%82%d8%af%d8%b3%d9%8a%d8%a9-pdf-%d9%84%d9%84%d9%83/,86,عربي,دار الكتب الحديثة,- ميغابايت,pdf
الكاتب شوقي ضيف,كتاب الرثاء ,كتب الأدب العربي,https://www.arab-books.com/books/%d9%83%d8%aa%d8%a7%d8%a8-%d8%a7%d9%84%d8%b1%d8%ab%d8%a7%d8%a1-pdf/,117,عربي,دار المعارف,"1,6 ميغابايت",pdf
الإمام أبو حامد الغزالي,كتاب النية والإخلاص والصدق  للكاتب أبو حامد الغزالي,كتب اسلامية,https://www.arab-books.com/books/%d9%83%d8%aa%d8%a7%d8%a8-%d8%a7%d9%84%d9%86%d9%8a%d8%a9-%d9%88%d8%a7%d9%84%d8%a5%d8%ae%d9%84%d8%a7%d8%b5-%d9%88%d8%a7%d9%84%d8%b5%d8%af%d9%82-pdf-%d9%84%d9%84%d9%83%d8%a7%d8%aa%d8%a8-%d8%a3%d8%a8/,1,عربي,الياقوتة الحمراء,- ميغابايت,pdf
الإمام أبو حامد الغزالي,كتاب جواهر القران  للكاتب أبو حامد الغزالي,كتب اسلامية,https://www.arab-books.com/books/%d9%83%d8%aa%d8%a7%d8%a8-%d8%ac%d9%88%d8%a7%d9%87%d8%b1-%d8%a7%d9%84%d9%82%d8%b1%d8%a7%d9%86-pdf-%d9%84%d9%84%d9%83%d8%a7%d8%aa%d8%a8-%d8%a3%d8%a8%d9%88-%d8%ad%d8%a7%d9%85%d8%af-%d8%a7%d9%84%d8%ba/,1,عربي,الياقوتة الحمراء,- ميغابايت,pdf
الكاتب شوقي ضيف,كتاب عصر الدول والامارات مصر ,كتب الأدب العربي,https://www.arab-books.com/books/%d9%83%d8%aa%d8%a7%d8%a8-%d8%b9%d8%b5%d8%b1-%d8%a7%d9%84%d8%af%d9%88%d9%84-%d9%88%d8%a7%d9%84%d8%a7%d9%85%d8%a7%d8%b1%d8%a7%d8%aa-%d9%85%d8%b5%d8%b1-pdf/,501,عربي,دار المعارف,"9,4 ميغابايت",pdf
الإمام أبو حامد الغزالي,كتاب المنخول  للكاتب أبو حامد الغزالي,كتب اسلامية,https://www.arab-books.com/books/%d9%83%d8%aa%d8%a7%d8%a8-%d8%a7%d9%84%d9%85%d9%86%d8%ae%d9%88%d9%84-pdf-%d9%84%d9%84%d9%83%d8%a7%d8%aa%d8%a8-%d8%a3%d8%a8%d9%88-%d8%ad%d8%a7%d9%85%d8%af-%d8%a7%d9%84%d8%ba%d8%b2%d8%a7%d9%84%d9%8a/,1,عربي,الياقوتة الحمراء,- ميغابايت,pdf
دكتور شوقى ضيف,كتاب عصر الدول والامارات الأندلس ,كتب الأدب العربي,https://www.arab-books.com/books/%d9%83%d8%aa%d8%a7%d8%a8-%d8%b9%d8%b5%d8%b1-%d8%a7%d9%84%d8%af%d9%88%d9%84-%d9%88%d8%a7%d9%84%d8%a7%d9%85%d8%a7%d8%b1%d8%a7%d8%aa-%d8%a7%d9%84%d8%a3%d9%86%d8%af%d9%84%d8%b3-pdf/,552,عربي,دار المعارف,11 ميغابايت,pdf
الإمام أبو حامد الغزالي,كتاب قواعد العقائد  للكاتب أبو حامد الغزالي,كتب اسلامية,https://www.arab-books.com/books/%d9%83%d8%aa%d8%a7%d8%a8-%d9%82%d9%88%d8%a7%d8%b9%d8%af-%d8%a7%d9%84%d8%b9%d9%82%d8%a7%d8%a6%d8%af-pdf-%d9%84%d9%84%d9%83%d8%a7%d8%aa%d8%a8-%d8%a3%d8%a8%d9%88-%d8%ad%d8%a7%d9%85%d8%af-%d8%a7%d9%84/,136,عربي,الياقوتة الحمراء,- ميغابايت,pdf
الإمام أبو حامد الغزالي,كتاب نصيحة من الإمام أبي حامد  للكاتب أبو حامد الغزالي,كتب اسلامية,https://www.arab-books.com/books/%d9%83%d8%aa%d8%a7%d8%a8-%d9%86%d8%b5%d9%8a%d8%ad%d8%a9-%d9%85%d9%86-%d8%a7%d9%84%d8%a5%d9%85%d8%a7%d9%85-%d8%a3%d8%a8%d9%8a-%d8%ad%d8%a7%d9%85%d8%af-pdf-%d9%84%d9%84%d9%83%d8%a7%d8%aa%d8%a8-%d8%a3/,1,عربي,الياقوتة الحمراء,- ميغابايت,pdf
الإمام أبو حامد الغزالي,كتاب المنفرجتان2  للكاتب أبو حامد الغزالي,كتب اسلامية,https://www.arab-books.com/books/%d9%83%d8%aa%d8%a7%d8%a8-%d8%a7%d9%84%d9%85%d9%86%d9%81%d8%b1%d8%ac%d8%aa%d8%a7%d9%862-pdf-%d9%84%d9%84%d9%83%d8%a7%d8%aa%d8%a8-%d8%a3%d8%a8%d9%88-%d8%ad%d8%a7%d9%85%d8%af-%d8%a7%d9%84%d8%ba%d8%b2/,1,عربي,الياقوتة الحمراء,- ميغابايت,pdf
الكاتب شوقي ضيف,كتاب العصر الاسلامي ,كتب الأدب العربي,https://www.arab-books.com/books/%d9%83%d8%aa%d8%a7%d8%a8-%d8%a7%d9%84%d8%b9%d8%b5%d8%b1-%d8%a7%d9%84%d8%a7%d8%b3%d9%84%d8%a7%d9%85%d9%8a-pdf/,491,عربي,دار المعارف,10 ميغابايت,pdf
الإمام أبو حامد الغزالي,كتاب سر العالمين وكشف ما في الدارين  للكاتب أبو حامد الغزالي,كتب اسلامية,https://www.arab-books.com/books/%d9%83%d8%aa%d8%a7%d8%a8-%d8%b3%d8%b1-%d8%a7%d9%84%d8%b9%d8%a7%d9%84%d9%85%d9%8a%d9%86-%d9%88%d9%83%d8%b4%d9%81-%d9%85%d8%a7-%d9%81%d9%8a-%d8%a7%d9%84%d8%af%d8%a7%d8%b1%d9%8a%d9%86/,1,عربي,الياقوتة الحمراء,- ميغابايت,pdf
الإمام أبو حامد الغزالي,كتاب أصناف المغرورين  للكاتب أبو حامد الغزالي,كتب اسلامية,https://www.arab-books.com/books/%d9%83%d8%aa%d8%a7%d8%a8-%d8%a3%d8%b5%d9%86%d8%a7%d9%81-%d8%a7%d9%84%d9%85%d8%ba%d8%b1%d9%88%d8%b1%d9%8a%d9%86/,1,عربي,الياقوتة الحمراء,- ميغابايت,pdf
الإمام أبو حامد الغزالي,كتاب معيار العلم في فن المنطق  للكاتب أبو حامد الغزالي,كتب اسلامية,https://www.arab-books.com/books/%d9%83%d8%aa%d8%a7%d8%a8-%d9%85%d8%b9%d9%8a%d8%a7%d8%b1-%d8%a7%d9%84%d8%b9%d9%84%d9%85-%d9%81%d9%8a-%d9%81%d9%86-%d8%a7%d9%84%d9%85%d9%86%d8%b7%d9%82-pdf-%d9%84%d9%84%d9%83%d8%a7%d8%aa%d8%a8-%d8%a3/,1,عربي,الياقوتة الحمراء,- ميغابايت,pdf
الكاتب شوقي ضيف,كتاب عصر الدول والإمارات ,كتب الأدب العربي,https://www.arab-books.com/books/%d9%83%d8%aa%d8%a7%d8%a8-%d8%b9%d8%b5%d8%b1-%d8%a7%d9%84%d8%af%d9%88%d9%84-%d9%88%d8%a7%d9%84%d8%a5%d9%85%d8%a7%d8%b1%d8%a7%d8%aa-pdf/,699,عربي,دار المعارف,23 ميغابايت,pdf
الإمام أبو حامد الغزالي,كتاب التبر المسبوك في نصيحة الملوك  للكاتب أبو حامد الغزالي,كتب اسلامية,https://www.arab-books.com/books/%d9%83%d8%aa%d8%a7%d8%a8-%d8%a7%d9%84%d8%aa%d8%a8%d8%b1-%d8%a7%d9%84%d9%85%d8%b3%d8%a8%d9%88%d9%83-%d9%81%d9%8a-%d9%86%d8%b5%d9%8a%d8%ad%d8%a9-%d8%a7%d9%84%d9%85%d9%84%d9%88%d9%83-pdf-%d9%84%d9%84/,136,عربي,الياقوتة الحمراء,- ميغابايت,pdf
الإمام أبو حامد الغزالي,كتاب محك النظر  للكاتب أبو حامد الغزالي,كتب اسلامية,https://www.arab-books.com/books/%d9%83%d8%aa%d8%a7%d8%a8-%d9%85%d8%ad%d9%83-%d8%a7%d9%84%d9%86%d8%b8%d8%b1-pdf-%d9%84%d9%84%d9%83%d8%a7%d8%aa%d8%a8-%d8%a3%d8%a8%d9%88-%d8%ad%d8%a7%d9%85%d8%af-%d8%a7%d9%84%d8%ba%d8%b2%d8%a7%d9%84-2/,1,عربي,الياقوتة الحمراء,- ميغابايت,pdf
الإمام أبو حامد الغزالي,كتاب تهافت الفلاسفة  للكاتب أبو حامد الغزالي,كتب اسلامية,https://www.arab-books.com/books/%d9%83%d8%aa%d8%a7%d8%a8-%d8%aa%d9%87%d8%a7%d9%81%d8%aa-%d8%a7%d9%84%d9%81%d9%84%d8%a7%d8%b3%d9%81%d8%a9-pdf-%d9%84%d9%84%d9%83%d8%a7%d8%aa%d8%a8-%d8%a3%d8%a8%d9%88-%d8%ad%d8%a7%d9%85%d8%af-%d8%a7/,287,عربي,الياقوتة الحمراء,- ميغابايت,pdf
دكتور شوقى ضيف,كتاب الفن ومذاهبه في النثر العربي ,كتب الأدب العربي,https://www.arab-books.com/books/%d9%83%d8%aa%d8%a7%d8%a8-%d8%a7%d9%84%d9%81%d9%86-%d9%88%d9%85%d8%b0%d8%a7%d9%87%d8%a8%d9%87-%d9%81%d9%8a-%d8%a7%d9%84%d9%86%d8%ab%d8%b1-%d8%a7%d9%84%d8%b9%d8%b1%d8%a8%d9%8a-pdf/,400,عربي,دار المعارف,7 ميغابايت,pdf
الكاتب شوقي ضيف,كتاب المقامة ,كتب الأدب العربي,https://www.arab-books.com/books/%d9%83%d8%aa%d8%a7%d8%a8-%d8%a7%d9%84%d9%85%d9%82%d8%a7%d9%85%d8%a9-pdf/,104,عربي,دار المعارف,2 ميغابايت,pdf
الكاتب شوقي ضيف,كتاب الأدب العربى المعاصر فى مصر ,كتب الأدب العربي,https://www.arab-books.com/books/%d9%83%d8%aa%d8%a7%d8%a8-%d8%a7%d9%84%d8%a3%d8%af%d8%a8-%d8%a7%d9%84%d8%b9%d8%b1%d8%a8%d9%89-%d8%a7%d9%84%d9%85%d8%b9%d8%a7%d8%b5%d8%b1-%d9%81%d9%89-%d9%85%d8%b5%d8%b1-pdf/,316,عربي,دار المعارف,"7,9 ميغابايت",pdf
الكاتب شوقي ضيف,تلخيص كتاب العصر العباسي الثاني ,علوم اللغة,https://www.arab-books.com/books/%d8%aa%d9%84%d8%ae%d9%8a%d8%b5-%d9%83%d8%aa%d8%a7%d8%a8-%d8%a7%d9%84%d8%b9%d8%b5%d8%b1-%d8%a7%d9%84%d8%b9%d8%a8%d8%a7%d8%b3%d9%8a-%d8%a7%d9%84%d8%ab%d8%a7%d9%86%d9%8a-pdf/,658,عربي,دار المعارف,14 ميغابايت,pdf
أبو الحسن علي الحسني الندوي,كتاب اسمعوها مني صريحة أيها العرب ,كتب اسلامية,https://www.arab-books.com/books/%d9%83%d8%aa%d8%a7%d8%a8-%d8%a7%d8%b3%d9%85%d8%b9%d9%88%d9%87%d8%a7-%d9%85%d9%86%d9%8a-%d8%b5%d8%b1%d9%8a%d8%ad%d8%a9-%d8%a3%d9%8a%d9%87%d8%a7-%d8%a7%d9%84%d8%b9%d8%b1%d8%a8-pdf/,27,عربي,المجمع الإسلامي العلمي,344.1 كيلوبايت ميغابايت,pdf
أبو الحسن علي الحسني الندوي,كتاب التفسير السياسي للإسلام ,كتب اسلامية,https://www.arab-books.com/books/%d9%83%d8%aa%d8%a7%d8%a8-%d8%a7%d9%84%d8%aa%d9%81%d8%b3%d9%8a%d8%b1-%d8%a7%d9%84%d8%b3%d9%8a%d8%a7%d8%b3%d9%8a-%d9%84%d9%84%d8%a5%d8%b3%d9%84%d8%a7%d9%85-pdf/,168,عربي,المجمع الإسلامي العلمي,2 ميغابايت,pdf
أبو الحسن علي الحسني الندوي,كتاب العقيدة والعبادة والسلوك ,كتب اسلامية,https://www.arab-books.com/books/%d9%83%d8%aa%d8%a7%d8%a8-%d8%a7%d9%84%d8%b9%d9%82%d9%8a%d8%af%d8%a9-%d9%88%d8%a7%d9%84%d8%b9%d8%a8%d8%a7%d8%af%d8%a9-%d9%88%d8%a7%d9%84%d8%b3%d9%84%d9%88%d9%83-pdf/,203,عربي,المجمع الإسلامي العلمي,2.5 ميغابايت,pdf
أبو الحسن علي الحسني الندوي,كتاب ربانية لا رهبانية ,كتب اسلامية,https://www.arab-books.com/books/%d9%83%d8%aa%d8%a7%d8%a8-%d8%b1%d8%a8%d8%a7%d9%86%d9%8a%d8%a9-%d9%84%d8%a7-%d8%b1%d9%87%d8%a8%d8%a7%d9%86%d9%8a%d8%a9-pdf/,152,عربي,المجمع الإسلامي العلمي,1.9 ميغابايت,pdf
أبو الحسن علي الحسني الندوي,كتاب الصراع بين الفكرة الإسلامية والفكرة الغربية ,كتب اسلامية,https://www.arab-books.com/books/%d9%83%d8%aa%d8%a7%d8%a8-%d8%a7%d9%84%d8%b5%d8%b1%d8%a7%d8%b9-%d8%a8%d9%8a%d9%86-%d8%a7%d9%84%d9%81%d9%83%d8%b1%d8%a9-%d8%a7%d9%84%d8%a5%d8%b3%d9%84%d8%a7%d9%85%d9%8a%d8%a9-%d9%88%d8%a7%d9%84%d9%81/,255,عربي,المجمع الإسلامي العلمي,4.1 ميغابايت,pdf
أبو الحسن علي الحسني الندوي,كتاب إذا هبت ريح الإيمان ,كتب اسلامية,https://www.arab-books.com/books/%d9%83%d8%aa%d8%a7%d8%a8-%d8%a5%d8%b0%d8%a7-%d9%87%d8%a8%d8%aa-%d8%b1%d9%8a%d8%ad-%d8%a7%d9%84%d8%a5%d9%8a%d9%85%d8%a7%d9%86-pdf/,240,عربي,المجمع الإسلامي العلمي,3.7 ميغابايت,pdf
أبو الحسن علي الحسني الندوي,كتاب أحاديث صريحة ,كتب اسلامية,https://www.arab-books.com/books/%d9%83%d8%aa%d8%a7%d8%a8-%d8%a3%d8%ad%d8%a7%d8%af%d9%8a%d8%ab-%d8%b5%d8%b1%d9%8a%d8%ad%d8%a9-pdf/,100,عربي,المجمع الإسلامي العلمي,1.4 ميغابايت,pdf
أبو الحسن علي الحسني الندوي,كتاب أضواء على الحركات والدعوات الدينية ,كتب اسلامية,https://www.arab-books.com/books/%d9%83%d8%aa%d8%a7%d8%a8-%d8%a3%d8%b6%d9%88%d8%a7%d8%a1-%d8%b9%d9%84%d9%89-%d8%a7%d9%84%d8%ad%d8%b1%d9%83%d8%a7%d8%aa-%d9%88%d8%a7%d9%84%d8%af%d8%b9%d9%88%d8%a7%d8%aa-%d8%a7%d9%84%d8%af%d9%8a%d9%86/,58,عربي,المجمع الإسلامي العلمي,655.6 كيلوبايت ميغابايت,pdf
أبو الحسن علي الحسني الندوي,كتاب وأذن في الناس بالحج ,كتب اسلامية,https://www.arab-books.com/books/%d9%83%d8%aa%d8%a7%d8%a8-%d9%88%d8%a3%d8%b0%d9%86-%d9%81%d9%8a-%d8%a7%d9%84%d9%86%d8%a7%d8%b3-%d8%a8%d8%a7%d9%84%d8%ad%d8%ac-pdf/,1, , ,ميغابايت, 
أبو الحسن علي الحسني الندوي,كتاب غارة التتار على العالم الإسلامي ,كتب اسلامية,https://www.arab-books.com/books/%d9%83%d8%aa%d8%a7%d8%a8-%d8%ba%d8%a7%d8%b1%d8%a9-%d8%a7%d9%84%d8%aa%d8%aa%d8%a7%d8%b1-%d8%b9%d9%84%d9%89-%d8%a7%d9%84%d8%b9%d8%a7%d9%84%d9%85-%d8%a7%d9%84%d8%a5%d8%b3%d9%84%d8%a7%d9%85%d9%8a-pdf/,28,عربي,المجمع الإسلامي العلمي,1.3 ميغابايت,pdf
أبو الحسن علي الحسني الندوي,كتاب الدعوة والدعاة ,كتب اسلامية,https://www.arab-books.com/books/%d9%83%d8%aa%d8%a7%d8%a8-%d8%a7%d9%84%d8%af%d8%b9%d9%88%d8%a9-%d9%88%d8%a7%d9%84%d8%af%d8%b9%d8%a7%d8%a9-pdf/,84,عربي,المجمع الإسلامي العلمي,1.2 ميغابايت,pdf
أبو الحسن علي الحسني الندوي,كتاب قصص من التاريخ الإسلامي للأطفال ,كتب اسلامية,https://www.arab-books.com/books/%d9%83%d8%aa%d8%a7%d8%a8-%d9%82%d8%b5%d8%b5-%d9%85%d9%86-%d8%a7%d9%84%d8%aa%d8%a7%d8%b1%d9%8a%d8%ae-%d8%a7%d9%84%d8%a5%d8%b3%d9%84%d8%a7%d9%85%d9%8a-%d9%84%d9%84%d8%a3%d8%b7%d9%81%d8%a7%d9%84-pdf/,144,عربي,المجمع الإسلامي العلمي,1.3 ميغابايت,pdf
أبو الحسن علي الحسني الندوي,كتاب بين العالم وجزيرة العرب ,كتب اسلامية,https://www.arab-books.com/books/%d9%83%d8%aa%d8%a7%d8%a8-%d8%a8%d9%8a%d9%86-%d8%a7%d9%84%d8%b9%d8%a7%d9%84%d9%85-%d9%88%d8%ac%d8%b2%d9%8a%d8%b1%d8%a9-%d8%a7%d9%84%d8%b9%d8%b1%d8%a8-pdf/,27,عربي,المجمع الإسلامي العلمي,317.5 كيلوبايت ميغابايت,pdf
أبو الحسن علي الحسني الندوي,كتاب روائع إقبال ,كتب اسلامية,https://www.arab-books.com/books/%d9%83%d8%aa%d8%a7%d8%a8-%d8%b1%d9%88%d8%a7%d8%a6%d8%b9-%d8%a5%d9%82%d8%a8%d8%a7%d9%84-pdf/,128,عربي,المجمع الإسلامي العلمي,3.3 ميغابايت,pdf
أبو الحسن علي الحسني الندوي,كتاب المدخل إلى دراسات الحديث ,كتب اسلامية,https://www.arab-books.com/books/%d9%83%d8%aa%d8%a7%d8%a8-%d8%a7%d9%84%d9%85%d8%af%d8%ae%d9%84-%d8%a5%d9%84%d9%89-%d8%af%d8%b1%d8%a7%d8%b3%d8%a7%d8%aa-%d8%a7%d9%84%d8%ad%d8%af%d9%8a%d8%ab-pdf/,68,عربي,المجمع الإسلامي العلمي,1001.7 كيلوبايت ميغابايت,pdf
أبو الحسن علي الحسني الندوي,كتاب سيرة خاتم النبيين ,كتب اسلامية,https://www.arab-books.com/books/%d9%83%d8%aa%d8%a7%d8%a8-%d8%b3%d9%8a%d8%b1%d8%a9-%d8%ae%d8%a7%d8%aa%d9%85-%d8%a7%d9%84%d9%86%d8%a8%d9%8a%d9%8a%d9%86-pdf/,355,عربي,المجمع الإسلامي العلمي,4.7 ميغابايت,pdf
أبو الحسن علي الحسني الندوي,كتاب السيرة النبوية ,كتب اسلامية,https://www.arab-books.com/books/%d9%83%d8%aa%d8%a7%d8%a8-%d8%a7%d9%84%d8%b3%d9%8a%d8%b1%d8%a9-%d8%a7%d9%84%d9%86%d8%a8%d9%88%d9%8a%d8%a9-pdf/,555,عربي,دار الشروق,8.3 ميغابايت,pdf
أبو الحسن علي الحسني الندوي,كتاب مواساة أم مساواة؟ ,كتب اسلامية,https://www.arab-books.com/books/%d9%83%d8%aa%d8%a7%d8%a8-%d9%85%d9%88%d8%a7%d8%b3%d8%a7%d8%a9-%d8%a3%d9%85-%d9%85%d8%b3%d8%a7%d9%88%d8%a7%d8%a9%d8%9f-pdf/,28,عربي,المجمع الإسلامي العلمي,479.8 كيلوبايت ميغابايت,pdf
الكاتب شوقي ضيف,كتاب العصر العباسي الاول ,كتب الأدب العربي,https://www.arab-books.com/books/%d9%83%d8%aa%d8%a7%d8%a8-%d8%a7%d9%84%d8%b9%d8%b5%d8%b1-%d8%a7%d9%84%d8%b9%d8%a8%d8%a7%d8%b3%d9%8a-%d8%a7%d9%84%d8%a7%d9%88%d9%84-pdf/,576,عربي,دار المعارف,12 ميغابايت,pdf
الكاتب شوقي ضيف,كتاب العصر الجاهلي ,الأدب,https://www.arab-books.com/books/%d9%83%d8%aa%d8%a7%d8%a8-%d8%a7%d9%84%d8%b9%d8%b5%d8%b1-%d8%a7%d9%84%d8%ac%d8%a7%d9%87%d9%84%d9%8a-pdf/,434,عربي,دار المعارف,9 ميغابايت,pdf
الإمام أبو حامد الغزالي,كتاب فضائل الأنام من رسائل حجة الإسلام  للكاتب أبو حامد الغزالي,العقيدة,https://www.arab-books.com/books/%d9%83%d8%aa%d8%a7%d8%a8-%d9%81%d8%b6%d8%a7%d8%a6%d9%84-%d8%a7%d9%84%d8%a3%d9%86%d8%a7%d9%85-%d9%85%d9%86-%d8%b1%d8%b3%d8%a7%d8%a6%d9%84-%d8%ad%d8%ac%d8%a9-%d8%a7%d9%84%d8%a5%d8%b3%d9%84%d8%a7%d9%85-p/,217,عربي,الدار التونسية,4 ميغابايت,pdf
الإمام أبو حامد الغزالي,كتاب الفصول في الأسئلة وأجوبتها  للكاتب أبو حامد الغزالي,العقيدة,https://www.arab-books.com/books/%d9%83%d8%aa%d8%a7%d8%a8-%d8%a7%d9%84%d9%81%d8%b5%d9%88%d9%84-%d9%81%d9%8a-%d8%a7%d9%84%d8%a3%d8%b3%d8%a6%d9%84%d8%a9-%d9%88%d8%a3%d8%ac%d9%88%d8%a8%d8%aa%d9%87%d8%a7-pdf-%d9%84%d9%84%d9%83%d8%a7/,78,عربي,الدار التونسية,2 ميغابايت,pdf
الإمام أبو حامد الغزالي,كتاب أسرار الصوم  للكاتب أبو حامد الغزالي,العقيدة,https://www.arab-books.com/books/%d9%83%d8%aa%d8%a7%d8%a8-%d8%a3%d8%b3%d8%b1%d8%a7%d8%b1-%d8%a7%d9%84%d8%b5%d9%88%d9%85-pdf-%d9%84%d9%84%d9%83%d8%a7%d8%aa%d8%a8-%d8%a3%d8%a8%d9%88-%d8%ad%d8%a7%d9%85%d8%af-%d8%a7%d9%84%d8%ba%d8%b2/,68, ,دار المعارف,2 ميغابايت, 
الإمام أبو حامد الغزالي,كتاب أسرار المخلوقات  للكاتب أبو حامد الغزالي,كتب اسلامية,https://www.arab-books.com/books/%d9%83%d8%aa%d8%a7%d8%a8-%d8%a3%d8%b3%d8%b1%d8%a7%d8%b1-%d8%a7%d9%84%d9%85%d8%ae%d9%84%d9%88%d9%82%d8%a7%d8%aa-pdf-%d9%84%d9%84%d9%83%d8%a7%d8%aa%d8%a8-%d8%a3%d8%a8%d9%88-%d8%ad%d8%a7%d9%85%d8%af/,128,عربي,دار المعارف,4 ميغابايت,pdf
الإمام أبو حامد الغزالي,كتاب أداب النكاح وكسر الشهوتين  للكاتب أبو حامد الغزالي,كتب اسلامية,https://www.arab-books.com/books/%d9%83%d8%aa%d8%a7%d8%a8-%d8%a3%d8%af%d8%a7%d8%a8-%d8%a7%d9%84%d9%86%d9%83%d8%a7%d8%ad-%d9%88%d9%83%d8%b3%d8%b1-%d8%a7%d9%84%d8%b4%d9%87%d9%88%d8%aa%d9%8a%d9%86-pdf-%d9%84%d9%84%d9%83%d8%a7%d8%aa/,127,عربي,دار المعارف,3 ميغابايت,pdf
الإمام أبو حامد الغزالي,كتاب الوسيط في المذهب المجلد السابع  للكاتب أبو حامد الغزالي,العقيدة,https://www.arab-books.com/books/%d9%83%d8%aa%d8%a7%d8%a8-%d8%a7%d9%84%d9%88%d8%b3%d9%8a%d8%b7-%d9%81%d9%8a-%d8%a7%d9%84%d9%85%d8%b0%d9%87%d8%a8-%d8%a7%d9%84%d9%85%d8%ac%d9%84%d8%af-%d8%a7%d9%84%d8%b3%d8%a7%d8%a8%d8%b9-pdf-%d9%84/,590,عربي,دار السلام,10.5 ميغابايت,pdf
الإمام أبو حامد الغزالي,كتاب الوسيط في المذهب المجلد السادس  للكاتب أبو حامد الغزالي,العقيدة,https://www.arab-books.com/books/%d9%83%d8%aa%d8%a7%d8%a8-%d8%a7%d9%84%d9%88%d8%b3%d9%8a%d8%b7-%d9%81%d9%8a-%d8%a7%d9%84%d9%85%d8%b0%d9%87%d8%a8-%d8%a7%d9%84%d9%85%d8%ac%d9%84%d8%af-%d8%a7%d9%84%d8%b3%d8%a7%d8%af%d8%b3-pdf-%d9%84/,498,عربي,دار السلام,9 ميغابايت,pdf
الكاتب شوقي ضيف,كتاب المدارس النحوية ,الأدب,https://www.arab-books.com/books/%d9%83%d8%aa%d8%a7%d8%a8-%d8%a7%d9%84%d9%85%d8%af%d8%a7%d8%b1%d8%b3-%d8%a7%d9%84%d9%86%d8%ad%d9%88%d9%8a%d8%a9-pdf/,378,عربي,دار المعارف,8.9 ميغابايت,pdf
الإمام أبو حامد الغزالي,كتاب الوسيط في المذهب المجلد الخامس  للكاتب أبو حامد الغزالي,العقيدة,https://www.arab-books.com/books/%d9%83%d8%aa%d8%a7%d8%a8-%d8%a7%d9%84%d9%88%d8%b3%d9%8a%d8%b7-%d9%81%d9%8a-%d8%a7%d9%84%d9%85%d8%b0%d9%87%d8%a8-%d8%a7%d9%84%d9%85%d8%ac%d9%84%d8%af-%d8%a7%d9%84%d8%ae%d8%a7%d9%85%d8%b3-pdf-%d9%84/,490,عربي,دار السلام,9 ميغابايت,pdf
الإمام أبو حامد الغزالي,كتاب الوسيط في المذهب المجلد الرابع  للكاتب أبو حامد الغزالي,العقيدة,https://www.arab-books.com/books/%d9%83%d8%aa%d8%a7%d8%a8-%d8%a7%d9%84%d9%88%d8%b3%d9%8a%d8%b7-%d9%81%d9%8a-%d8%a7%d9%84%d9%85%d8%b0%d9%87%d8%a8-%d8%a7%d9%84%d9%85%d8%ac%d9%84%d8%af-%d8%a7%d9%84%d8%b1%d8%a7%d8%a8%d8%b9-pdf-%d9%84/,598,عربي,دار السلام,10 ميغابايت,pdf
الإمام أبو حامد الغزالي,تلخيص كتاب الوسيط في المذهب المجلد الأول  للكاتب أبو حامد الغزالي,العقيدة,https://www.arab-books.com/books/%d9%83%d8%aa%d8%a7%d8%a8-%d8%a7%d9%84%d9%88%d8%b3%d9%8a%d8%b7-%d9%81%d9%8a-%d8%a7%d9%84%d9%85%d8%b0%d9%87%d8%a8-%d8%a7%d9%84%d9%85%d8%ac%d9%84%d8%af-%d8%a7%d9%84%d8%a3%d9%88%d9%84-pdf/,500,عربي,دار السلام,9.5 ميغابايت,pdf
الإمام أبو حامد الغزالي,تلخيص كتاب الوسيط في المذهب المجلد الثالث  للكاتب أبو حامد الغزالي,العقيدة,https://www.arab-books.com/books/%d9%83%d8%aa%d8%a7%d8%a8-%d8%a7%d9%84%d9%88%d8%b3%d9%8a%d8%b7-%d9%81%d9%8a-%d8%a7%d9%84%d9%85%d8%b0%d9%87%d8%a8-%d8%a7%d9%84%d9%85%d8%ac%d9%84%d8%af-%d8%a7%d9%84%d8%ab%d8%a7%d9%84%d8%ab/,548,عربي,السلام,9 ميغابايت,pdf
الإمام أبو حامد الغزالي,تلخيص كتاب الوسيط في المذهب المجلد الثاني  للكاتب أبو حامد الغزالي,العقيدة,https://www.arab-books.com/books/%d9%83%d8%aa%d8%a7%d8%a8-%d8%a7%d9%84%d9%88%d8%b3%d9%8a%d8%b7-%d9%81%d9%8a-%d8%a7%d9%84%d9%85%d8%b0%d9%87%d8%a8-%d8%a7%d9%84%d9%85%d8%ac%d9%84%d8%af-%d8%a7%d9%84%d8%ab%d8%a7%d9%86%d9%8a/,750,عربي,دار السلام,13 ميغابايت,pdf
أنتونيا سوزان بيات,كتاب راجناروك لأنتونيا سوزان ,كتب متنوعة,https://www.arab-books.com/books/%d9%83%d8%aa%d8%a7%d8%a8-%d8%b1%d8%a7%d8%ac%d9%86%d8%a7%d8%b1%d9%88%d9%83-%d9%84%d8%a3%d9%86%d8%aa%d9%88%d9%86%d9%8a%d8%a7-%d8%b3%d9%88%d8%b2%d8%a7%d9%86-pdf/,106,عربي,مؤسسة هنداوي,18 ميغابايت,pdf
إبراهيم زيدان,كتاب ذكريات لابراهيم زيدان ,أعلام وشخصيات,https://www.arab-books.com/books/%d9%83%d8%aa%d8%a7%d8%a8-%d8%b0%d9%83%d8%b1%d9%8a%d8%a7%d8%aa-%d9%84%d8%a7%d8%a8%d8%b1%d8%a7%d9%87%d9%8a%d9%85-%d8%b2%d9%8a%d8%af%d8%a7%d9%86-pdf/,86,عربي,مؤسسة هنداوي,2 ميغابايت,pdf
الكاتب محمود سالم,كتاب لغز التسعة ,روايات بوليسية,https://www.arab-books.com/books/%d9%83%d8%aa%d8%a7%d8%a8-%d9%84%d8%ba%d8%b2-%d8%a7%d9%84%d8%aa%d8%b3%d8%b9%d8%a9-pdf-2/,56,عربي,مؤسسة هنداوي,2 ميغابايت,pdf
عبد المسيح حداد,كتاب حكايات المهجر ,كتب متنوعة,https://www.arab-books.com/books/%d9%83%d8%aa%d8%a7%d8%a8-%d8%ad%d9%83%d8%a7%d9%8a%d8%a7%d8%aa-%d8%a7%d9%84%d9%85%d9%87%d8%ac%d8%b1-pdf/,146,عربي,مؤسسة هنداوي,1 ميغابايت,pdf
الشافعي أبو شنب,كتاب بناة الاسلام ,كتب اسلامية,https://www.arab-books.com/books/%d9%83%d8%aa%d8%a7%d8%a8-%d8%a8%d9%86%d8%a7%d8%a9-%d8%a7%d9%84%d8%a7%d8%b3%d9%84%d8%a7%d9%85-pdf/,138,عربي,مؤسسة هنداوي,1 ميغابايت,pdf
الكاتب محمود سالم,كتاب لغز الغابة الملعونة ,روايات بوليسية,https://www.arab-books.com/books/%d9%83%d8%aa%d8%a7%d8%a8-%d9%84%d8%ba%d8%b2-%d8%a7%d9%84%d8%ba%d8%a7%d8%a8%d8%a9-%d8%a7%d9%84%d9%85%d9%84%d8%b9%d9%88%d9%86%d8%a9-pdf/,50,عربي,مؤسسة هنداوي,2 ميغابايت,pdf
